Unnamed: 0,time,value,index_sec,RRI,hf,lf/hf,sdnn,rmssd,milestone,slope,decrease,kind
36,18:54:07,85,68047,705.88,,,,,start,-0.23,0,BPM
204,19:14:56,85,69296,705.88,280.87818052598266,1.5788557732174335,50.802881061239525,14.261732585016828,stop,0.3,-2,BPM
1284,21:29:54,78,77394,769.23,131.4963287085486,2.886493111120987,19.19364884432306,10.801007039217437,start,-0.25,0,BPM
1356,21:39:14,91,77954,659.34,507.0841799409315,35.23786134030822,62.45244412759365,10.76476337929659,stop,0.31,-4,BPM
1548,22:03:03,72,79383,833.33,441.8060747515877,4.202275093533746,30.337722318417185,20.719344456180984,start,-0.21,0,BPM
1746,23:03:57,90,83037,666.67,447.3499794144348,2.8948451125176486,37.0594762945254,17.70699083666662,stop,0.24,-12,BPM
2160,23:52:54,87,85974,689.66,1536.8709155880497,2.335777884051746,74.17100145705773,36.99525256360466,start,-0.21,0,BPM
1046,20:55:31,79,75331,759.49,825.6495977299788,11.040154766893815,29.381442448718325,13.653848153094245,up trend,0.0,,HF
1298,21:31:49,84,77509,714.29,120.6957030270832,1.7051482477949755,19.27400610635357,13.43568891924392,up trend,0.19,,rMSSD
