Unnamed: 0,time,value,index_sec,RRI,hf,lf/hf,sdnn,rmssd,milestone,slope,increase rate,kind
110,00:11:50,58,710,1034.48,2981.216708853026,19.40824950082481,68.20588546632099,31.8487094538782,up trend,0,4.3,HF
122,00:13:20,61,800,983.61,5802.172249916583,13.616157209279288,69.3193645695525,33.7380806465674,up trend,0,2.35,HF
182,00:19:46,64,1186,937.5,2740.7004212018624,5.523172651836409,57.678986657859646,37.40073285869338,up trend,0,2.21,HF
254,00:27:37,83,1657,722.89,1722.429769932523,10.512070258794266,49.34332721630667,28.512257764988437,up trend,0,1.98,HF
