Unnamed: 0,time,value,index_sec,RRI,hf,lf/hf,sdnn,rmssd,milestone,slope,nan,kind
962,02:17:43,55,8263,1090.91,3142.1077590772275,5.270534280988152,78.87162442312736,36.98071477548972,up trend,0.73,,SDNN
1514,03:28:18,51,12498,1176.47,275.38005740813264,3.588126473013069,21.80519269367193,17.872227114739143,up trend,0.84,,SDNN
1790,04:04:24,51,14664,1176.47,3154.1226633334395,24.21410609435338,69.03261426074974,27.6275714843424,up trend,0.83,,SDNN
3422,07:26:49,50,26809,1200.0,6466.623724394754,7.288879879182624,110.41273378869788,46.92234822837946,up trend,0.7,,SDNN
