Unnamed: 0,time,value,index_sec,RRI,hf,lf/hf,sdnn,rmssd,milestone,slope,decrease,kind
3546,08:07:41,79,29261,759.49,63.67239998877773,3.1426923711935357,18.688794267787145,6.572586233433408,start,-0.46,0,BPM
3552,08:08:21,85,29301,705.88,72.4298417810856,3.1920536109055884,23.685953298811288,10.488380743100672,stop,0.23,15,BPM
