Unnamed: 0,time,value,index_sec,RRI,hf,lf/hf,sdnn,rmssd,milestone,slope,decrease,kind
1308,02:54:54,64,10494,937.5,1438.953868442503,11.015446957641858,58.48308292810419,27.03927121346104,start,-0.25,0,BPM
1890,04:17:41,52,15461,1153.85,128.55063520804364,1.514168093218488,27.3231032569845,21.07699321196321,stop,0.4,9,BPM
1896,04:18:22,58,15502,1034.48,233.8472395077769,3.1778237408659327,27.547186615859356,22.38569618925334,start,-0.23,0,BPM
1902,04:18:57,57,15537,1052.63,499.2910725182942,6.35602997557378,77.44491363675266,38.82906128146803,stop,13.6,5,BPM
2460,05:35:48,58,20148,1034.48,545.1701858204115,1.4004770563045956,35.8910292475568,29.090869456141824,start,-0.24,0,BPM
2916,06:35:22,54,23722,1111.11,470.7155928794441,3.2827365887188806,38.622978589731446,22.07145113267452,stop,0.61,8,BPM
3438,07:38:22,57,27502,1052.63,841.7197844046568,4.05945418114227,41.16230946100165,32.15006731830323,start,-0.21,0,BPM
3570,07:55:24,55,28524,1090.91,1480.7850587245564,6.215002875871725,66.87455478516688,40.507845523794415,stop,0.46,8,BPM
