Unnamed: 0,time,value,index_sec,RRI,hf,lf/hf,sdnn,rmssd,milestone,slope,nan,kind
1190,02:40:35,59,9635,1016.95,37.31678818570577,0.569858642079934,13.668531152890985,15.172760837387886,up trend,0.61,,SDNN
1730,04:00:46,63,14446,952.38,276.68928164872705,2.0149381578030026,33.206606842614946,22.774521836867624,up trend,0.53,,SDNN
