Unnamed: 0,time,value,index_sec,RRI,hf,lf/hf,sdnn,rmssd,milestone,slope,decrease,kind
174,18:54:17,105,68057,571.43,388.731817133503,5.819208954369633,42.8456567584303,11.468967268419666,start,-0.55,0,BPM
198,18:56:52,77,68212,779.22,2609.923949012248,16.037379215712452,72.17687473399876,20.341238749829166,stop,0.24,19,BPM
