Unnamed: 0,time,value,index_sec,RRI,hf,lf/hf,sdnn,rmssd,milestone,slope,nan,kind
1358,02:44:20,55,9860,1090.91,452.36028378647234,4.949551108686502,33.67826025852304,21.698074211546842,up trend,0.56,,SDNN
