Unnamed: 0,time,value,index_sec,RRI,hf,lf/hf,sdnn,rmssd,milestone,slope,nan,kind
242,00:30:13,71,1813,845.07,636.6715885950143,5.354325047233841,40.06213337773601,24.831125628935947,up trend,0.67,,SDNN
278,00:35:32,80,2132,750.0,857.7369096194831,4.173369060794813,48.4533145455394,26.13656387952654,up trend,0.74,,SDNN
