Unnamed: 0,time,value,index_sec,RRI,hf,lf/hf,sdnn,rmssd,milestone,slope,increase rate,kind
98,00:12:24,88,744,681.82,1240.2231626209702,4.521756585846051,62.20948564589271,18.26428616123805,up trend,0,3.01,HF
230,00:29:19,83,1759,722.89,359.3056092689529,3.7572318889318668,30.390011675428052,14.248921548879494,up trend,0,1.91,HF
254,00:32:24,69,1944,869.57,962.8677255746285,12.474726326049948,50.79955022940858,15.387094977179242,up trend,0,2.51,HF
