Unnamed: 0,time,value,index_sec,RRI,hf,lf/hf,sdnn,rmssd,milestone,slope,nan,kind
686,01:39:52,52,5992,1153.85,195.75075880249727,1.290054531282942,23.411003054991397,19.557170040678173,up trend,0.62,,SDNN
