Unnamed: 0,time,value,index_sec,RRI,hf,lf/hf,sdnn,rmssd,milestone,slope,increase rate,kind
446,00:53:37,84,3217,714.29,51.69211373749484,0.580692773033479,27.76465495289041,13.047614763642,up trend,0,8.57,HF
482,00:58:47,79,3527,759.49,699.5113011291,0.9875841276038988,39.173484893926585,21.43693203567248,up trend,0,1.97,HF
494,01:00:17,85,3617,705.88,197.93570099249905,1.3750051407183674,40.954387797118095,21.139518558802592,up trend,0,5.4,HF
506,01:01:32,77,3692,779.22,331.91807574136027,6.186509112686873,36.06255275524031,14.433767664043652,up trend,0,3.15,HF
