Unnamed: 0,time,value,index_sec,RRI,hf,lf/hf,sdnn,rmssd,milestone,slope,increase rate,kind
146,00:19:00,80,1140,750.0,370.2709779718066,11.920144636591244,36.25424809394264,13.102901921922118,up trend,0,1.9,HF
182,00:23:35,93,1415,645.16,321.16393490237,15.55704534625849,47.586657322645145,11.191687604136,up trend,0,38.95,HF
218,00:29:05,82,1745,731.71,639.2185382225812,16.243109697237927,34.08965570793749,11.235898372844872,up trend,0,2.82,HF
302,00:39:56,78,2396,769.23,295.56489504360457,6.274269241849867,26.275215574952085,9.735968763050863,up trend,0,3.41,HF
362,00:50:22,80,3022,750.0,243.54063668656187,6.42158480439778,31.21741417797418,11.870421136555509,up trend,0,2.25,HF
374,00:52:07,79,3127,759.49,246.3420199752692,8.764355438883776,30.15543822007728,10.205227152028018,up trend,0,4.82,HF
