Unnamed: 0,time,value,index_sec,RRI,hf,lf/hf,sdnn,rmssd,milestone,slope,increase rate,kind
122,00:15:56,71,956,845.07,362.06655954588746,4.496285924929472,35.88110193800791,16.384599974565475,up trend,0,67.74,HF
158,00:21:01,73,1261,821.92,1112.7383930888789,10.686199891233949,55.59052771316866,16.93672040151764,up trend,0,2.15,HF
230,00:30:07,66,1807,909.09,1793.2067312372985,14.72757415411841,54.567457746708115,15.526586152500505,up trend,0,3.21,HF
638,01:26:31,68,5191,882.35,2164.963962565997,12.64204792361152,83.05353260029194,23.83368303344608,up trend,0,7.35,HF
