Unnamed: 0,time,value,index_sec,RRI,hf,lf/hf,sdnn,rmssd,milestone,slope,increase rate,kind
146,00:17:53,123,1073,487.8,217.7472002836994,1.9036079955677057,20.12268077243656,8.856755867121775,up trend,0,13.31,HF
182,00:21:58,123,1318,487.8,327.64374641850367,11.65994608016293,22.875127446059608,7.640410155674808,up trend,0,4.45,HF
230,00:27:28,95,1648,631.58,660.0671172449066,15.025356580022962,59.85864862886121,11.85151785680653,up trend,0,7.64,HF
242,00:28:38,107,1718,560.75,910.6139087736653,8.13180427043342,34.31213122116981,14.74796443927232,up trend,0,3.48,HF
374,00:46:12,92,2772,652.17,173.2613424158708,9.394691265075318,20.261292149096025,6.941938210791637,up trend,0,3.06,HF
506,01:39:11,89,5951,674.16,86.10552244276178,0.8323945959746998,16.38229486802314,12.349353614415515,up trend,0,2.71,HF
