Unnamed: 0,time,value,index_sec,RRI,hf,lf/hf,sdnn,rmssd,milestone,slope,increase rate,kind
362,00:57:18,90,3438,666.67,921.0002087895433,13.01586328950877,31.19779243890863,12.351819497465112,up trend,0,7.79,HF
