Unnamed: 0,time,value,index_sec,RRI,hf,lf/hf,sdnn,rmssd,milestone,slope,decrease,kind
2274,15:47:08,87,56828,689.66,420.90367801271367,1.6202818580109872,33.92501695726945,23.83820702749504,start,-0.41,0,BPM
2406,16:04:36,64,57876,937.5,163.30092346531086,2.1153083610958907,25.05028416393469,15.778462523067216,stop,0.5,-4,BPM
