Unnamed: 0,time,value,index_sec,RRI,hf,lf/hf,sdnn,rmssd,milestone,slope,decrease,kind
4836,11:18:29,69,40709,869.57,126.76365041965884,0.5333259893276194,25.490429157082566,22.499498679222306,start,-0.68,0,BPM
5028,11:42:59,65,42179,923.08,1642.2826917718326,5.0504366016083475,94.15992272398995,44.44032582220426,stop,0.24,4,BPM
5274,12:10:34,76,43834,789.47,543.2161267770342,1.8298469444965355,56.733120701496865,29.9464237924862,start,-0.52,0,BPM
5424,12:30:09,65,45009,923.08,93.37640884923908,0.6375910155591771,15.779162168337518,15.970559840927718,stop,0.32,6,BPM
