Unnamed: 0,time,value,index_sec,RRI,hf,lf/hf,sdnn,rmssd,milestone,slope,nan,kind
2822,06:26:48,75,23208,800.0,316.9124692444965,1.3696602039248753,34.28516877899367,19.386814475570873,up trend,0.17,,rMSSD
