Unnamed: 0,time,value,index_sec,RRI,hf,lf/hf,sdnn,rmssd,milestone,slope,increase rate,kind
146,12:17:12,77,44232,779.22,1295.9139266355064,7.294850782312033,47.60136166977082,21.80372805606548,up trend,0,3.13,HF
