Unnamed: 0,time,value,index_sec,RRI,hf,lf/hf,sdnn,rmssd,milestone,slope,nan,kind
998,02:12:35,58,7955,1034.48,968.6321934986028,3.1569342856677856,44.10726755841248,29.119219475410777,up trend,0.22,,rMSSD
