Unnamed: 0,time,value,index_sec,RRI,hf,lf/hf,sdnn,rmssd,milestone,slope,increase rate,kind
50,00:04:56,104,296,576.92,354.35739112002955,2.828222783307714,35.42144982801193,16.580579800797437,up trend,0,2.17,HF
86,00:08:31,117,511,512.82,2709.948712119372,6.895174614481926,48.943193237524994,21.383318789397016,up trend,0,3.67,HF
290,00:31:51,90,1911,666.67,1401.7477932955655,43.19486715516931,50.056397443895456,12.122566913464668,up trend,0,1.72,HF
