Unnamed: 0,time,value,index_sec,RRI,hf,lf/hf,sdnn,rmssd,milestone,slope,decrease,kind
2340,05:16:23,82,18983,731.71,96.26220541642836,0.5781358407082172,38.93074324950892,36.64688396141797,start,-0.52,0,BPM
2370,05:19:49,67,19189,895.52,11605.105193952691,12.18371876028402,118.3829217371341,53.08594906145225,stop,0.27,-2,BPM
3510,07:49:43,75,28183,800.0,1221.602210319415,5.743217011599803,115.84760044126938,24.23438988423732,start,-0.45,0,BPM
3786,08:31:14,57,30674,1052.63,542.1635970063871,2.777696812695173,46.39389158639968,30.229518753722008,stop,0.22,15,BPM
