Unnamed: 0,time,value,index_sec,RRI,hf,lf/hf,sdnn,rmssd,milestone,slope,increase rate,kind
122,00:15:56,71,956,845.07,362.06655954588746,4.496285924929472,35.88110193800791,16.384599974565475,up trend,0,67.74,HF
158,00:21:01,73,1261,821.92,1112.7383930888789,10.68619989123395,55.590527713168655,16.93672040151764,up trend,0,2.15,HF
230,00:30:07,66,1807,909.09,1793.2067312372983,14.727574154118408,54.56745774670812,15.526586152500506,up trend,0,3.21,HF
638,01:26:31,68,5191,882.35,2164.963962565997,12.64204792361152,83.05353260029193,23.83368303344608,up trend,0,7.35,HF
