Unnamed: 0,time,value,index_sec,RRI,hf,lf/hf,sdnn,rmssd,milestone,slope,increase rate,kind
50,00:07:00,67,420,895.52,382.6134747381781,3.5958997878139205,34.069197336944626,17.039807354952046,up trend,0,1.91,HF
134,00:17:25,73,1045,821.92,2496.372730715961,5.795347285117483,79.67532753209704,24.260392092664052,up trend,0,10.07,HF
374,00:54:23,57,3263,1052.63,951.6279917809727,9.568247999580313,48.430102190725144,17.361731550999732,up trend,0,2.97,HF
