Unnamed: 0,time,value,index_sec,RRI,hf,lf/hf,sdnn,rmssd,milestone,slope,increase rate,kind
86,00:10:16,80,616,750.0,206.4390930566885,1.0498052121034565,30.52473357051656,26.027800560954372,up trend,0,2.97,HF
98,00:11:21,73,681,821.92,816.6264342895186,3.6106125252524817,41.570007681166544,30.454536205797076,up trend,0,7.57,HF
398,01:02:15,71,3735,845.07,1877.8191767541996,3.3532308065242598,42.798743546310526,28.9808608905806,up trend,0,3.07,HF
530,01:19:46,63,4786,952.38,485.9185241304257,4.411261845068974,25.81155349285057,19.17485385624004,up trend,0,9.65,HF
626,01:32:38,62,5558,967.74,319.5281632951835,1.3999452740012643,26.39250575524833,19.947633944906844,up trend,0,9.54,HF
662,01:37:13,62,5833,967.74,635.3051423024883,3.395103618380874,34.51181512503348,20.670883150075657,up trend,0,15.62,HF
