Unnamed: 0,time,value,index_sec,RRI,hf,lf/hf,sdnn,rmssd,milestone,slope,nan,kind
1478,03:00:05,57,10805,1052.63,375.0276867819165,3.190955578557276,60.214312387725,38.13127087270168,up trend,0.94,,SDNN
2414,04:56:16,61,17776,983.61,1308.765135031026,8.675366909167488,69.80453988189055,34.66776212293267,up trend,0.64,,SDNN
2666,05:27:55,61,19675,983.61,85.0572272352404,0.6232414498111087,20.2050360463092,19.26161986957485,up trend,0.77,,SDNN
