Unnamed: 0,time,value,index_sec,RRI,hf,lf/hf,sdnn,rmssd,milestone,slope,increase rate,kind
146,12:17:12,77,44232,779.22,1295.9139266355064,7.294850782312032,47.601361669770824,21.803728056065477,up trend,0,3.13,HF
