Unnamed: 0,time,value,index_sec,RRI,hf,lf/hf,sdnn,rmssd,milestone,slope,increase rate,kind
362,00:55:59,81,3359,740.74,554.39127837622,3.914257179533723,32.14339164571462,12.968860035186012,up trend,0,1.8,HF
410,01:02:19,86,3739,697.67,534.8768023939789,5.650590920996459,36.407497109182096,13.421392838088222,up trend,0,3.16,HF
434,01:05:49,83,3949,722.89,218.98258230948088,3.411445891072821,29.850283551793098,13.715342965200003,up trend,0,9.27,HF
470,01:10:29,84,4229,714.29,118.5032734559072,0.6059394120857267,24.165370673671006,16.384528540980487,up trend,0,2.91,HF
