Unnamed: 0,time,value,index_sec,RRI,hf,lf/hf,sdnn,rmssd,milestone,slope,decrease,kind
3048,06:13:40,72,22420,833.33,2828.8150216592767,2.734323534548924,99.18829037127068,47.77692915187908,start,-0.46,0,BPM
3054,06:14:20,68,22460,882.35,5920.456432650558,4.770085639009572,115.2969667059452,47.67932459544231,stop,0.29,20,BPM
10980,23:20:57,73,84057,821.92,427.2669213204452,1.2058982775355054,58.56967830137479,36.36491062122657,start,-0.5,0,BPM
