Unnamed: 0,time,value,index_sec,RRI,hf,lf/hf,sdnn,rmssd,milestone,slope,increase rate,kind
86,00:12:30,76,750,789.47,533.8509445955374,8.1897136391048,33.19424386355969,15.29550547563245,up trend,0,7.98,HF
122,00:17:35,68,1055,882.35,1911.595547884558,7.338104746836165,61.981581146897085,23.440384260624107,up trend,0,2.41,HF
158,00:22:05,63,1325,952.38,656.7060786751418,4.56421247961559,52.44043747579784,20.01685498956991,up trend,0,2.63,HF
434,01:03:05,53,3785,1132.08,168.6753071943845,2.52925074215255,44.334509801586144,18.538381366059696,up trend,0,4.34,HF
