Unnamed: 0,time,value,index_sec,RRI,hf,lf/hf,sdnn,rmssd,milestone,slope,increase rate,kind
62,00:07:36,70,456,857.14,896.0041322005416,8.93589613872423,27.73088327449512,16.966786221729713,up trend,0,6.81,HF
86,00:10:36,69,636,869.57,303.04238154801067,4.555325527553302,27.408389253463756,18.49216524667146,up trend,0,3.53,HF
146,00:17:42,57,1062,1052.63,1080.3294254022987,3.1136123712215005,141.51452392411667,25.90529120170044,up trend,0,2.36,HF
170,00:21:17,58,1277,1034.48,630.1524425157698,11.775224449035882,41.58413741133627,19.591380809958657,up trend,0,9.85,HF
182,00:22:47,56,1367,1071.43,889.315251775704,26.855969424217715,33.11111925511624,15.452675285185656,up trend,0,1.87,HF
242,00:30:03,57,1803,1052.63,853.1602120637344,9.098098502818052,65.19041038185834,23.92302989137609,up trend,0,2.91,HF
314,00:38:43,59,2323,1016.95,485.1636313716261,3.388187062815523,35.59149339092024,21.74183966081836,up trend,0,2.74,HF
362,00:45:20,54,2720,1111.11,1548.945576494804,5.902147882332799,41.53338911020371,26.03037389869999,up trend,0,6.96,HF
434,00:54:30,74,3270,810.81,14231.796966815193,13.20189397702414,144.56317119854418,63.63147727343756,up trend,0,6.12,HF
