Unnamed: 0,time,value,index_sec,RRI,hf,lf/hf,sdnn,rmssd,milestone,slope,decrease,kind
402,00:51:00,86,3060,697.67,484.052333472403,4.351498061850881,115.99684197038314,52.73551386351496,start,-0.54,0,BPM
426,00:53:35,54,3215,1111.11,16788.746426657108,8.451255507706515,144.40546229478795,62.01448619443028,stop,0.47,16,BPM
2202,04:45:21,78,17121,769.23,205.7252271335989,0.9371369212915074,22.818104076207838,22.36445617492184,start,-0.54,0,BPM
2346,05:01:44,57,18104,1052.63,2505.071674491567,11.35803586508699,118.3218298427933,43.648091128750096,stop,0.45,4,BPM
