Unnamed: 0,time,value,index_sec,RRI,hf,lf/hf,sdnn,rmssd,milestone,slope,decrease,kind
828,05:03:15,72,18195,833.33,266.67569568142073,2.8692692989415347,23.26773873141671,15.333090733070463,start,-0.26,0,BPM
1086,05:44:27,65,20667,923.08,29.780818619086286,0.4225734196246349,13.94917001261424,12.35053101394958,stop,0.22,9,BPM
1092,05:45:17,70,20717,857.14,31.609776586960223,0.4394066914017865,14.381656146292888,13.066385522103834,start,-0.34,0,BPM
1812,07:29:27,73,26967,821.92,102.96528195045164,1.1795010171502855,16.620398217189628,12.156754820062073,stop,0.32,5,BPM
1860,07:35:58,72,27358,833.33,831.839102267894,6.678769050321456,44.73013596570219,22.082915873348515,start,-0.21,0,BPM
1974,07:51:21,71,28281,845.07,377.9636250895216,4.146953244912582,32.46370327058846,17.50600060387459,stop,0.2,6,BPM
2568,09:17:34,80,33454,750.0,486.09333243678526,2.221788422087956,43.57908799375392,18.04714246135405,start,-0.33,0,BPM
2772,09:44:17,70,35057,857.14,1185.4973206612228,3.852271095432968,37.37022535197162,23.190797215926064,stop,0.26,2,BPM
8994,23:01:38,80,82898,750.0,95.1822180564202,1.1765227827640288,19.71805202118617,11.12926616206668,start,-0.21,0,BPM
