Unnamed: 0,time,value,index_sec,RRI,hf,lf/hf,sdnn,rmssd,milestone,slope,nan,kind
410,17:43:00,84,63780,714.29,1003.5500392842264,5.439918075377325,61.83404492837324,17.202098115980988,up trend,0.51,,SDNN
