Unnamed: 0,time,value,index_sec,RRI,hf,lf/hf,sdnn,rmssd,milestone,slope,nan,kind
650,01:29:14,81,5354,740.74,383.5924533255453,5.67518794480352,27.43824539520243,13.768362506937752,up trend,0.58,,SDNN
770,01:43:41,86,6221,697.67,1129.4738779372474,3.4228784770087017,49.81359944629497,22.35419556109487,up trend,0.52,,SDNN
