Unnamed: 0,time,value,index_sec,RRI,hf,lf/hf,sdnn,rmssd,milestone,slope,decrease,kind
5658,12:26:38,76,44798,789.47,144.3253105914544,0.5918346273371979,43.82772779221588,23.249552201085955,start,-0.5,0,BPM
5724,12:34:34,67,45274,895.52,612.3201568126137,3.997925095460225,38.281298250648476,18.785863769095645,stop,0.2,18,BPM
