Unnamed: 0,time,value,index_sec,RRI,hf,lf/hf,sdnn,rmssd,milestone,slope,decrease,kind
1434,03:17:29,69,11849,869.57,1059.4931773952887,4.226748811167907,66.419877744174,30.32325984710586,start,-0.45,0,BPM
1482,03:22:24,59,12144,1016.95,2130.123879927573,14.043172987399556,95.62231252384645,32.298440980888195,stop,0.27,15,BPM
