Unnamed: 0,time,value,index_sec,RRI,hf,lf/hf,sdnn,rmssd,milestone,slope,nan,kind
1622,03:44:49,64,13489,937.5,366.8092235959194,1.1917926248461983,26.01197594201876,21.33777296490992,up trend,0.22,,rMSSD
3254,07:31:19,62,27079,967.74,411.55606394904873,7.545337497337573,39.02878698173063,22.231718745237558,up trend,0.17,,rMSSD
