Unnamed: 0,time,value,index_sec,RRI,hf,lf/hf,sdnn,rmssd,milestone,slope,decrease,kind
870,02:04:16,72,7456,833.33,442.1643728331599,1.7895462712971124,25.476198620737467,19.758052556269988,start,-0.49,0,BPM
1380,03:19:25,69,11965,869.57,828.5167562131137,1.4651901675004593,44.25570414566434,24.77266461737409,stop,0.21,13,BPM
