Unnamed: 0,time,value,index_sec,RRI,hf,lf/hf,sdnn,rmssd,milestone,slope,nan,kind
590,01:27:42,64,5262,937.5,943.6712831463524,5.352704239883776,31.450053534233028,23.93893242636952,up trend,0.18,,rMSSD
1130,02:37:48,60,9468,1000.0,580.6651274309789,2.0669177246492607,89.1246003429228,31.995779951329165,up trend,0.13,,rMSSD
1370,03:07:02,57,11222,1052.63,696.6101655689747,3.9201159258362472,37.77304667433151,24.91667112597509,up trend,0.12,,rMSSD
3626,08:29:11,99,30551,606.06,231.4484976366044,3.332592506450628,22.160747151811687,12.002277760015858,up trend,0.21,,rMSSD
5594,12:23:23,111,44603,540.54,5395.320220842825,53.04099226072444,118.7484277328353,21.71493326102137,up trend,0.29,,rMSSD
6254,13:49:36,91,49776,659.34,566.1702930439803,7.677167431893181,40.50955439077026,10.612702631415663,up trend,0.13,,rMSSD
6674,14:39:43,96,52783,625.0,1495.9125056754608,1.680756717242159,45.95798608578518,27.73727720845677,up trend,0.21,,rMSSD
