Unnamed: 0,time,value,index_sec,RRI,hf,lf/hf,sdnn,rmssd,milestone,slope,nan,kind
434,00:53:20,72,3200,833.33,153.90780271216295,1.970113287369392,30.27511106907617,14.129008876659912,up trend,0.71,,SDNN
2006,04:25:44,77,15944,779.22,500.1876992577388,7.997039366090524,33.451140870084,26.416831407885635,up trend,0.52,,SDNN
6146,13:14:00,81,47640,740.74,266.53377675951185,1.5200199600346824,43.75645340112586,20.998323499649167,up trend,0.54,,SDNN
