Unnamed: 0,time,value,index_sec,RRI,hf,lf/hf,sdnn,rmssd,milestone,slope,increase rate,kind
134,11:25:37,110,41137,545.45,412.62260364628565,6.334968653361128,30.675967806364998,9.656831144588892,up trend,0,9.0,HF
170,11:30:12,77,41412,779.22,787.9637003578998,7.981529652998974,60.44823195874942,17.307287364528488,up trend,0,11.36,HF
182,11:32:12,74,41532,810.81,492.56013150857984,3.383209449062795,82.24858133507625,17.30324589108492,up trend,0,2.08,HF
266,11:42:17,86,42137,697.67,178.52873465303512,2.5226051942937207,39.615686522036256,29.163100497242144,up trend,0,1.87,HF
