Unnamed: 0,time,value,index_sec,RRI,hf,lf/hf,sdnn,rmssd,milestone,slope,nan,kind
194,17:16:22,106,62182,566.04,87.38811975437689,1.1000132791569626,12.746758313791151,9.255165022398922,up trend,0.26,,rMSSD
