Unnamed: 0,time,value,index_sec,RRI,hf,lf/hf,sdnn,rmssd,milestone,slope,nan,kind
1622,03:44:49,64,13489,937.5,366.8092235959194,1.1917926248461983,26.01197594201876,21.33777296490992,up trend,0.55,,SDNN
