Unnamed: 0,time,value,index_sec,RRI,hf,lf/hf,sdnn,rmssd,milestone,slope,decrease,kind
2190,05:03:29,57,18209,1052.63,4820.824830254345,15.489607732857044,121.14389221744459,37.2428337717062,start,-0.47,0,BPM
2292,05:16:11,70,18971,857.14,1668.3812730199177,11.831114407831874,103.17001815489628,30.395759371252797,stop,0.22,3,BPM
3138,07:17:36,71,26256,845.07,360.18016705620494,2.671743046969421,78.07941292984589,28.080982089343657,start,-0.46,0,BPM
3180,07:23:32,49,26612,1224.49,2645.6663128517057,20.43156651765736,127.92373894119056,50.035804527297,stop,0.29,14,BPM
3744,08:43:04,46,31384,1304.35,1017.4354222724838,16.544187788334742,33.19509686501228,24.192289630190416,start,-0.5,0,BPM
3828,08:55:51,49,32151,1224.49,415.38501362909346,3.8268130625893377,57.35668031693944,30.046890395662874,stop,0.23,20,BPM
