Unnamed: 0,time,value,index_sec,RRI,hf,lf/hf,sdnn,rmssd,milestone,slope,decrease,kind
1824,04:03:52,57,14632,1052.63,833.9673503610994,4.169192031239489,79.61223275402865,40.76205463368088,start,-0.44,0,BPM
2160,04:48:41,54,17321,1111.11,1408.9466059678305,9.089701185515018,115.0690509608053,33.157018803239346,stop,0.21,10,BPM
3216,07:05:59,61,25559,983.61,4208.414101551516,6.811945664625185,165.9122970310593,43.70978788718673,start,-0.43,0,BPM
3306,07:18:46,53,26326,1132.08,602.796963186592,2.1551580359582965,75.94006286808144,37.73359884284367,stop,0.38,15,BPM
