Unnamed: 0,time,value,index_sec,RRI,hf,lf/hf,sdnn,rmssd,milestone,slope,decrease,kind
1302,03:06:42,54,11202,1111.11,838.589565392532,1.5162287460027144,38.819820185370325,32.245859155138945,start,-0.46,0,BPM
1320,03:08:17,56,11297,1071.43,1981.678334120004,2.0683308573944643,75.03697994444917,47.67485205396389,stop,0.24,16,BPM
