Unnamed: 0,time,value,index_sec,RRI,hf,lf/hf,sdnn,rmssd,milestone,slope,nan,kind
470,01:05:43,69,3943,869.57,108.37847024171705,0.9975418790595596,60.75533004215032,18.975687452256235,up trend,0.74,,SDNN
998,02:12:35,58,7955,1034.48,968.6321934986028,3.1569342856677856,44.107267558412474,29.11921947541077,up trend,0.73,,SDNN
1262,02:51:20,54,10280,1111.11,140.33492876241596,0.8820543690828888,33.65659802857594,28.59188524810521,up trend,0.52,,SDNN
