Unnamed: 0,time,value,index_sec,RRI,hf,lf/hf,sdnn,rmssd,milestone,slope,increase rate,kind
98,00:13:03,58,783,1034.48,4458.381384525853,22.572062025495416,118.60311648932162,28.388576424832777,up trend,0,11.78,HF
182,00:24:03,60,1443,1000.0,1292.702164027855,14.339133393976432,50.97711608603395,31.383394835941058,up trend,0,1.97,HF
218,00:29:24,57,1764,1052.63,1133.5388574755789,8.608396448897327,57.36198176919796,22.659450927295904,up trend,0,3.34,HF
242,00:32:24,60,1944,1000.0,422.01343623310953,5.849651847336891,83.0646793966323,27.06424235565657,up trend,0,2.14,HF
266,00:35:49,61,2149,983.61,2681.6479268234234,9.624763098557974,76.76378471941688,25.946203803962057,up trend,0,2.02,HF
698,01:25:45,63,5145,952.38,56.48465170532069,0.3639585500539921,18.593873580690328,16.041401918479693,up trend,0,6.97,HF
