Unnamed: 0,time,value,index_sec,RRI,hf,lf/hf,sdnn,rmssd,milestone,slope,nan,kind
686,01:39:52,52,5992,1153.85,195.7507588024973,1.2900545312829421,23.411003054991394,19.557170040678173,up trend,0.2,,rMSSD
