Unnamed: 0,time,value,index_sec,RRI,hf,lf/hf,sdnn,rmssd,milestone,slope,nan,kind
1646,03:37:30,60,13050,1000.0,618.6094133518864,8.193842713880173,35.238232414726575,21.590511474124142,up trend,0.59,,SDNN
