Unnamed: 0,time,value,index_sec,RRI,hf,lf/hf,sdnn,rmssd,milestone,slope,nan,kind
1010,02:21:23,58,8483,1034.48,346.6880693121628,4.0510218111338325,24.432601241549627,17.626311501356646,up trend,0.62,,SDNN
