Unnamed: 0,time,value,index_sec,RRI,hf,lf/hf,sdnn,rmssd,milestone,slope,decrease,kind
852,02:14:56,76,8096,789.47,713.507729492202,36.87194400288411,31.89068421073106,13.102082635510854,start,-0.57,0,BPM
1308,03:12:47,59,11567,1016.95,393.92069855271706,2.2665696029577167,25.243911818859768,19.167106708938547,stop,0.32,14,BPM
1314,03:13:42,65,11622,923.08,563.2319392955512,4.243728288456797,24.96407884729332,19.389511155703314,start,-0.46,0,BPM
1338,03:16:18,63,11778,952.38,4819.414337877481,3.3171500161561913,68.44639285407737,40.97528311715018,stop,0.2,9,BPM
3468,07:40:47,59,27647,1016.95,1687.5524372332354,3.217562320203072,56.65766069967226,30.959011282530284,start,-0.42,0,BPM
3534,07:48:03,66,28083,909.09,2053.7595428658105,6.158546061251676,52.87607943260605,35.546128093633186,stop,0.24,15,BPM
