Unnamed: 0,time,value,index_sec,RRI,hf,lf/hf,sdnn,rmssd,milestone,slope,increase rate,kind
98,00:14:38,73,878,821.92,1243.3221139531015,6.028825601965415,98.04026201265582,32.34690131202363,up trend,0,2.07,HF
170,00:24:58,66,1498,909.09,531.3566873237397,10.113320453054506,36.01328050333993,17.17936600478989,up trend,0,2.03,HF
194,00:29:22,71,1762,845.07,104.91629453854428,2.175582965410306,26.68226827245512,11.47508463354143,up trend,0,2.42,HF
254,00:36:52,71,2212,845.07,896.7079820249338,3.142052072330596,76.43568442441378,22.451984003964675,up trend,0,3.15,HF
