Unnamed: 0,time,value,index_sec,RRI,hf,lf/hf,sdnn,rmssd,milestone,slope,increase rate,kind
74,17:04:02,76,61442,789.47,1057.5081935823546,17.036473849512653,42.72463478259496,14.38465416720903,up trend,0,2.17,HF
110,17:08:42,107,61722,560.75,190.86100408923207,2.0947096598143675,78.16752355247371,14.168673839401722,up trend,0,2.13,HF
134,17:11:07,105,61867,571.43,926.692184845876,4.865919661050199,64.54193388987426,12.396918066641415,up trend,0,2.17,HF
314,17:30:34,86,63034,697.67,118.37867169385304,6.418027685849304,14.770867666885826,8.113765199602822,up trend,0,1.77,HF
386,17:40:10,88,63610,681.82,1404.1081652211635,22.73527576395662,62.570160210236736,12.238019881183591,up trend,0,2.07,HF
470,17:51:15,84,64275,714.29,393.5990717562186,4.2195497813293565,45.34653555202898,15.12682608305321,up trend,0,5.28,HF
494,17:53:45,96,64425,625.0,2267.343429318717,64.27076479468867,51.77274924364069,15.053849599192292,up trend,0,1.94,HF
