Unnamed: 0,time,value,index_sec,RRI,hf,lf/hf,sdnn,rmssd,milestone,slope,increase rate,kind
62,18:57:29,71,68249,845.07,573.4484290448385,16.319285752276038,65.74971697122292,19.35323292087903,up trend,0,1.81,HF
86,19:00:04,87,68404,689.66,520.4711425955795,13.212472448082114,50.89896045648694,14.923611206024216,up trend,0,7.82,HF
158,19:08:20,102,68900,588.24,227.32498501795268,2.7216175234318607,20.07452492639386,9.46869686958893,up trend,0,10.45,HF
254,19:21:26,98,69686,612.24,210.1328996444201,3.769416788248653,27.45615514872795,11.44761823548052,up trend,0,2.02,HF
338,19:32:15,99,70335,606.06,1121.9309232786704,4.735446065392591,34.1715932324031,18.73884059750698,up trend,0,2.41,HF
