Unnamed: 0,time,value,index_sec,RRI,hf,lf/hf,sdnn,rmssd,milestone,slope,decrease,kind
210,18:58:02,79,68282,759.49,1880.246283707163,9.402845417287011,78.1667460627652,22.55413066832952,start,-0.37,0,BPM
216,18:58:42,68,68322,882.35,1229.035775367407,7.872865164585833,87.24560800009434,24.182983855663178,stop,0.05,11,BPM
222,18:59:32,70,68372,857.14,1756.6770925041096,13.838316373515836,95.92564713360032,24.80665702292556,start,-0.1,0,BPM
228,19:00:07,67,68407,895.52,2741.26146979412,21.109953299263548,83.08193258833262,25.228169144179837,stop,0.17,3,BPM
318,19:11:42,78,69102,769.23,387.1903037915842,10.935227032629044,22.100418030029225,9.773838048795447,start,-0.13,0,BPM
342,19:14:12,62,69252,967.74,626.0523490715377,12.497685061161237,80.10696018602191,15.291081300775916,stop,0.14,16,BPM
348,19:15:02,67,69302,895.52,319.53737398153027,3.052275898348184,97.51251977577245,18.02219363077942,start,-0.08,0,BPM
354,19:15:37,66,69337,909.09,294.8731374974092,1.7232794735481478,91.622794819915,19.036812404670396,stop,0.74,1,BPM
